user_id,username,email,created_at
1,eunji81,zyun@example.com,2025-03-31
2,geonubag,hongseoyeong@example.net,2024-08-23
3,sangho41,ygo@example.com,2024-10-20
4,eunji19,jimingweon@example.net,2024-11-21
5,bagminjae,seongjin99@example.net,2024-08-03
6,jeongho02,seonghyeon24@example.net,2025-01-21
7,gimjeongsug,byeongceolheo@example.net,2024-12-10
8,geonubag,jgim@example.net,2024-10-08
9,gimdohyeon,seunghyeon94@example.net,2024-08-28
10,jieun29,do@example.com,2025-04-23
11,anseunghyeon,gangjiweon@example.com,2025-03-05
12,xgim,gimogja@example.com,2025-04-22
13,iyeongho,juweongim@example.net,2025-05-26
14,gi,jeonghyi24@example.com,2024-11-17
15,seonyeonggim,yeongsubag@example.net,2024-06-23
16,hyeonjuyang,yejii@example.com,2024-09-27
17,gimseoyeong,gimhyeonjeong@example.net,2025-05-18
18,hwangmisug,ygweon@example.org,2024-10-30
19,hwangjihun,gimyeonghwan@example.org,2024-08-16
20,gimyeeun,so@example.org,2024-06-16
21,seongjin63,gimyeonggil@example.org,2024-06-09
22,icoe,baggyeonghyi@example.org,2025-02-23
23,ysin,jeonghunryu@example.com,2024-07-05
24,sangceoli,gsin@example.com,2025-02-08
25,sonseonghyeon,yeweonhong@example.org,2024-07-03
26,iyejun,gimyeongho@example.com,2025-02-06
27,juweoni,rbag@example.com,2025-02-15
28,pgim,jeongho02@example.com,2024-08-12
29,xgim,gimyeongceol@example.org,2024-06-04
30,qgim,gimmigyeong@example.net,2024-10-15
31,seohyeon36,ehong@example.com,2024-12-19
32,coegyeongsu,jieuni@example.net,2024-12-19
33,aryu,seongminji@example.com,2024-09-30
34,minseogbaeg,cseo@example.org,2024-10-31
35,yi,jaehoi@example.net,2024-12-04
36,caeweon66,gimseoyun@example.org,2024-08-13
37,sugjayang,suminan@example.com,2024-12-13
38,migyeonggim,jiagim@example.org,2024-12-11
39,hyeonju99,hyeonucoe@example.com,2024-12-08
40,ji,iogsun@example.net,2025-01-10
41,lyun,seonghocoe@example.org,2025-01-26
42,hyeonjii,minsugim@example.net,2025-05-25
43,seungmini,icoe@example.net,2024-06-12
44,mijeongcoe,gimeunseo@example.net,2025-03-04
45,jeongsubag,ngim@example.com,2024-09-13
46,ujin91,gimmisug@example.org,2024-10-28
47,minsu35,baggyeongja@example.org,2025-02-25
48,obag,yeonghyi29@example.org,2024-10-01
49,iyeongjin,junhyeog23@example.org,2024-09-04
50,gangjimin,sangceoli@example.net,2024-07-12
