user_id,username,email,created_at
3,sangho41,ygo@example.com,2024-10-20
44,mijeongcoe,gimeunseo@example.net,2025-03-04
36,caeweon66,gimseoyun@example.org,2024-08-13
24,sangceoli,gsin@example.com,2025-02-08
41,lyun,seonghocoe@example.org,2025-01-26
11,anseunghyeon,gangjiweon@example.com,2025-03-05
23,ysin,jeonghunryu@example.com,2024-07-05
19,hwangjihun,gimyeonghwan@example.org,2024-08-16
50,gangjimin,sangceoli@example.net,2024-07-12
21,seongjin63,gimyeonggil@example.org,2024-06-09
8,geonubag,jgim@example.net,2024-10-08
43,seungmini,icoe@example.net,2024-06-12
15,seonyeonggim,yeongsubag@example.net,2024-06-23
29,xgim,gimyeongceol@example.org,2024-06-04
39,hyeonju99,hyeonucoe@example.com,2024-12-08
